,pks,t-del
C516,0.6,0.003248387884212453
C548,0.3,0.002660972954868961
C552,0.0,0.008746438827686314
C562,0.9166666666666666,0.011822876168829871
